City_ID,City,Country,Date,Lat,Lng,Max Temp,Humidity,Cloudiness,Wind Speed
0,Abu Kamal,SY,2022-03-29 01:21:34,34.4506,40.9171,53.49,42,0,4.7
1,Mar Del Plata,AR,2022-03-29 01:21:34,-38.0023,-57.5575,67.87,80,0,20.0
2,Bom Jardim,BR,2022-03-29 01:21:34,-7.7958,-35.5872,72.3,95,95,3.71
3,Pitimbu,BR,2022-03-29 01:21:35,-7.4706,-34.8086,79.39,77,100,9.26
4,Kapaa,US,2022-03-29 01:17:02,22.0752,-159.319,79.2,71,40,8.05
5,Castro,BR,2022-03-29 01:21:35,-24.7911,-50.0119,62.38,99,17,8.12
6,Rikitea,PF,2022-03-29 01:21:36,-23.1203,-134.9692,78.3,67,69,1.3
7,Ushuaia,AR,2022-03-29 01:21:36,-54.8,-68.3,44.26,65,75,6.91
8,Mataura,NZ,2022-03-29 01:21:36,-46.1927,168.8643,67.98,55,89,0.92
9,Hobart,AU,2022-03-29 01:20:19,-42.8794,147.3294,69.22,67,75,6.91
10,Novikovo,RU,2022-03-29 01:21:37,51.1537,37.8879,39.97,73,51,20.54
11,Mahibadhoo,MV,2022-03-29 01:21:37,3.7833,72.9667,81.14,74,3,4.25
12,Bathsheba,BB,2022-03-29 01:21:37,13.2167,-59.5167,77.61,73,40,16.11
13,Vaini,TO,2022-03-29 01:21:38,-21.2,-175.2,82.56,78,75,9.22
14,Pangnirtung,CA,2022-03-29 01:21:38,66.1451,-65.7125,8.85,83,45,6.85
15,Capreol,CA,2022-03-29 01:21:38,46.706,-80.9225,16.27,57,0,4.61
16,Kodiak,US,2022-03-29 01:21:39,57.79,-152.4072,38.71,87,100,8.05
17,Bluff,NZ,2022-03-29 01:17:25,-46.6,168.3333,62.44,73,99,5.23
18,Busselton,AU,2022-03-29 01:21:39,-33.65,115.3333,68.59,69,90,18.07
19,Avarua,CK,2022-03-29 01:21:39,-21.2078,-159.775,84.25,74,20,6.91
20,Port Alfred,ZA,2022-03-29 01:20:42,-33.5906,26.891,68.18,81,11,4.92
21,Port-Cartier,CA,2022-03-29 01:21:40,50.0334,-66.8654,29.75,85,89,9.37
22,Morondava,MG,2022-03-29 01:21:40,-20.2833,44.2833,77.92,79,7,7.07
23,Dongsheng,CN,2022-03-29 01:21:41,39.8161,109.9776,43.12,47,100,13.8
24,Nemuro,JP,2022-03-29 01:18:54,43.3236,145.575,37.06,64,0,10.16
25,Narsaq,GL,2022-03-29 01:21:41,60.9167,-46.05,43.02,77,15,3.58
26,Lata,PT,2022-03-29 01:21:41,40.1629,-8.3327,60.93,75,100,2.26
27,Mumford,GH,2022-03-29 01:21:42,5.2618,-0.759,81.21,88,98,10.4
28,Pokhara,NP,2022-03-29 01:21:42,28.2333,83.9833,66.79,26,0,5.64
29,Los Llanos De Aridane,ES,2022-03-29 01:21:42,28.6585,-17.9182,58.75,88,0,5.99
30,Salekhard,RU,2022-03-29 01:21:43,66.53,66.6019,23.7,98,100,4.68
31,Washington,US,2022-03-29 01:20:52,47.5001,-120.5015,63.9,39,9,7.96
32,Carnarvon,AU,2022-03-29 01:21:43,-24.8667,113.6333,78.87,83,40,10.36
33,Bredasdorp,ZA,2022-03-29 01:21:44,-34.5322,20.0403,63.21,75,100,3.71
34,Dikson,RU,2022-03-29 01:21:44,73.5069,80.5464,-6.63,99,100,7.18
35,Ancud,CL,2022-03-29 01:21:44,-41.8697,-73.8203,47.23,77,38,20.49
36,Butaritari,KI,2022-03-29 01:21:45,3.0707,172.7902,80.53,74,7,10.45
37,Korla,CN,2022-03-29 01:21:45,41.7597,86.1469,48.2,34,97,5.41
38,Dunedin,NZ,2022-03-29 01:21:46,-45.8742,170.5036,60.15,82,100,3.71
39,Daru,PG,2022-03-29 01:21:46,-9.0763,143.2092,81.99,73,100,11.65
40,Hermanus,ZA,2022-03-29 01:17:45,-34.4187,19.2345,66.79,74,100,9.26
41,Tuktoyaktuk,CA,2022-03-29 01:21:46,69.4541,-133.0374,-7.6,71,0,10.36
42,Punta Arenas,CL,2022-03-29 01:21:30,-53.15,-70.9167,37.51,81,0,8.05
43,Luanda,AO,2022-03-29 01:18:08,-8.8368,13.2343,80.6,83,75,6.91
44,Mwene-Ditu,CD,2022-03-29 01:21:47,-7.0,23.45,65.93,93,100,2.91
45,Evensk,RU,2022-03-29 01:21:47,61.95,159.2333,19.44,73,100,20.09
46,Marrakesh,MA,2022-03-29 01:20:07,31.6315,-8.0083,62.67,67,75,3.44
47,Puerto Escondido,MX,2022-03-29 01:21:48,15.85,-97.0667,72.43,100,40,5.75
48,Albany,US,2022-03-29 01:21:48,42.6001,-73.9662,19.17,57,88,5.01
49,Severo-Kurilsk,RU,2022-03-29 01:21:48,50.6789,156.125,28.54,80,99,39.15
50,Manoel Urbano,BR,2022-03-29 01:21:49,-8.8389,-69.2597,73.44,98,40,1.28
51,Rzhev,RU,2022-03-29 01:21:49,56.2624,34.3282,31.73,84,54,14.7
52,Bethel,US,2022-03-29 01:21:49,41.3712,-73.414,24.03,50,70,4.0
53,Awjilah,LY,2022-03-29 01:21:50,29.1081,21.2869,63.72,12,78,9.78
54,Cabo San Lucas,MX,2022-03-29 01:21:24,22.8909,-109.9124,79.9,31,0,17.27
55,Barrow,US,2022-03-29 01:21:50,71.2906,-156.7887,-0.38,71,0,24.16
56,East London,ZA,2022-03-29 01:21:51,-33.0153,27.9116,79.25,46,22,4.23
57,Ahipara,NZ,2022-03-29 01:21:51,-35.1667,173.1667,72.39,63,0,9.66
58,Aksu,CN,2022-03-29 01:21:51,41.1231,80.2644,50.97,38,100,4.59
59,Saint George,US,2022-03-29 01:17:31,37.1041,-113.5841,70.39,27,75,23.02
60,San Quintin,MX,2022-03-29 01:21:52,30.4833,-115.95,62.89,79,42,18.5
61,Sao Filipe,CV,2022-03-29 01:21:52,14.8961,-24.4956,71.4,75,0,10.89
62,Yellowknife,CA,2022-03-29 01:21:52,62.456,-114.3525,19.29,78,40,6.91
63,Yuzhou,CN,2022-03-29 01:21:53,34.1628,113.4639,59.4,68,0,12.01
64,Lebu,CL,2022-03-29 01:21:53,-37.6167,-73.65,56.82,90,90,7.14
65,Kerema,PG,2022-03-29 01:21:53,-7.9631,145.7785,80.46,81,99,13.51
66,Merrill,US,2022-03-29 01:21:54,45.1805,-89.6835,29.97,47,0,0.0
67,Leningradskiy,RU,2022-03-29 01:21:54,69.3833,178.4167,-3.23,92,23,1.83
68,Yatou,CN,2022-03-29 01:21:54,37.15,122.3833,48.56,52,2,17.34
69,Libreville,GA,2022-03-29 01:21:55,0.3925,9.4537,78.82,94,20,5.75
70,Tiksi,RU,2022-03-29 01:18:50,71.6872,128.8694,-6.07,95,85,4.14
71,Myitkyina,MM,2022-03-29 01:21:55,25.3833,97.4,68.41,66,99,1.86
72,Shakawe,BW,2022-03-29 01:21:56,-18.3667,21.85,65.53,86,31,5.12
73,Canutama,BR,2022-03-29 01:21:56,-6.5339,-64.3831,74.55,97,99,1.19
74,Puerto Ayora,EC,2022-03-29 01:21:56,-0.7393,-90.3518,78.22,86,57,8.63
75,Yulara,AU,2022-03-29 01:21:57,-25.2406,130.9889,85.84,15,11,10.36
76,Ribeira Grande,PT,2022-03-29 01:21:57,38.5167,-28.7,60.3,83,99,3.96
77,Sfantu Gheorghe,RO,2022-03-29 01:21:58,45.8667,25.7833,40.23,62,100,1.34
78,Provideniya,RU,2022-03-29 01:17:31,64.3833,-173.3,19.51,68,0,7.0
79,Starobesheve,UA,2022-03-29 01:21:58,47.7504,38.0305,36.28,61,13,19.26
80,Sargatskoye,RU,2022-03-29 01:21:59,55.6101,73.4972,18.59,95,100,7.29
81,Cape Town,ZA,2022-03-29 01:21:59,-33.9258,18.4232,64.11,76,75,13.8
82,Paamiut,GL,2022-03-29 01:20:12,61.994,-49.6678,22.82,78,24,5.97
83,Tazovskiy,RU,2022-03-29 01:21:59,67.4667,78.7,13.37,96,100,11.34
84,Petauke,ZM,2022-03-29 01:22:04,-14.2426,31.3253,65.77,87,85,9.51
85,Aleksandrov Gay,RU,2022-03-29 01:22:04,50.147,48.5704,29.37,77,100,21.63
86,Airai,TL,2022-03-29 01:22:05,-8.9266,125.4092,70.5,66,70,1.48
87,New Norfolk,AU,2022-03-29 01:22:05,-42.7826,147.0587,67.91,54,2,2.62
88,Matara,LK,2022-03-29 01:22:05,5.9485,80.5353,77.07,88,73,3.58
89,Arraial Do Cabo,BR,2022-03-29 01:22:06,-22.9661,-42.0278,75.61,88,100,4.68
90,Portland,US,2022-03-29 01:19:31,45.5234,-122.6762,61.5,77,75,9.22
91,Rathkeale,IE,2022-03-29 01:22:06,52.5244,-8.9381,40.51,93,0,1.14
92,Saint-Philippe,RE,2022-03-29 01:22:07,-21.3585,55.7679,76.59,79,9,4.5
93,Katete,UG,2022-03-29 01:22:07,-0.7818,29.7544,60.62,97,95,2.71
94,Deputatskiy,RU,2022-03-29 01:22:07,69.3,139.9,-2.94,89,19,3.18
95,Burnie,AU,2022-03-29 01:22:08,-41.0667,145.9167,62.8,85,97,8.43
96,Chuy,UY,2022-03-29 01:17:22,-33.6971,-53.4616,64.17,78,0,9.42
97,Chokurdakh,RU,2022-03-29 01:22:08,70.6333,147.9167,1.65,88,19,3.87
98,Wicklow,IE,2022-03-29 01:22:08,53.0,-6.4167,41.45,94,6,3.22
99,Sierra Vista,US,2022-03-29 01:21:42,31.5545,-110.3037,66.67,20,100,15.99
100,Tamandare,BR,2022-03-29 01:22:09,-8.7597,-35.1047,78.04,84,100,4.92
101,Sorong,ID,2022-03-29 01:22:09,-0.8833,131.25,83.52,74,98,8.08
102,Puerto Ayacucho,VE,2022-03-29 01:22:10,5.6639,-67.6236,74.01,93,100,3.96
103,Whitehorse,CA,2022-03-29 01:21:32,60.7161,-135.0538,38.01,56,75,17.27
104,Hobyo,SO,2022-03-29 01:22:10,5.3505,48.5268,79.93,71,100,16.35
105,Tasiilaq,GL,2022-03-29 01:22:10,65.6145,-37.6368,26.76,88,100,8.32
106,Port Elizabeth,ZA,2022-03-29 01:22:11,-33.918,25.5701,71.1,86,0,4.61
107,Ko Samui,TH,2022-03-29 01:21:42,9.5357,99.9357,85.91,79,20,3.44
108,Atuona,PF,2022-03-29 01:22:11,-9.8,-139.0333,79.32,77,100,14.67
109,Praxedis Guerrero,MX,2022-03-29 01:22:12,31.3667,-106.0167,80.06,7,100,9.8
110,Lazaro Cardenas,MX,2022-03-29 01:22:12,17.9583,-102.2,76.48,61,0,6.22
111,Batemans Bay,AU,2022-03-29 01:22:12,-35.7167,150.1833,72.1,68,100,8.16
112,Thompson,CA,2022-03-29 01:22:13,55.7435,-97.8558,19.56,68,100,3.44
113,Timoteo,BR,2022-03-29 01:22:13,-19.5825,-42.6444,68.86,87,56,1.23
114,Hithadhoo,MV,2022-03-29 01:22:13,-0.6,73.0833,81.32,66,40,6.82
115,Mutoko,ZW,2022-03-29 01:22:14,-17.397,32.2268,58.78,93,37,2.44
116,Vao,NC,2022-03-29 01:22:14,-22.6667,167.4833,78.12,73,98,12.73
117,Pelotas,BR,2022-03-29 01:22:14,-31.7719,-52.3425,65.86,91,3,6.51
118,Cururupu,BR,2022-03-29 01:22:15,-1.8283,-44.8683,74.25,96,94,2.82
119,Palasa,IN,2022-03-29 01:22:15,18.7667,84.4167,77.92,91,68,6.11
120,Loughrea,IE,2022-03-29 01:22:15,53.1969,-8.5669,43.48,82,4,4.16
121,Kloulklubed,PW,2022-03-29 01:22:16,7.0419,134.2556,82.08,77,100,12.17
122,Umm Lajj,SA,2022-03-29 01:22:16,25.0213,37.2685,76.21,38,0,7.52
123,Roxas,PH,2022-03-29 01:22:16,11.5853,122.7511,83.79,72,87,14.54
124,Krasnoselkup,RU,2022-03-29 01:22:17,65.7,82.4667,14.16,96,100,11.48
125,Alice Springs,AU,2022-03-29 01:17:28,-23.7,133.8833,83.75,20,0,12.66
126,Roald,NO,2022-03-29 01:22:17,62.5833,6.1333,37.76,93,100,6.91
127,Itoman,JP,2022-03-29 01:22:18,26.1247,127.6694,70.57,92,75,9.22
128,Vila Franca Do Campo,PT,2022-03-29 01:22:18,37.7167,-25.4333,57.61,86,75,6.17
129,Abay,KZ,2022-03-29 01:22:18,49.6311,72.8539,32.38,89,100,15.37
130,Talnakh,RU,2022-03-29 01:22:19,69.4865,88.3972,11.21,90,100,10.85
131,Souillac,MU,2022-03-29 01:22:19,-20.5167,57.5167,70.18,94,20,5.75
132,Forio,IT,2022-03-29 01:22:19,40.7342,13.8646,57.81,84,6,1.99
133,Darhan,MN,2022-03-29 01:22:20,49.4867,105.9228,23.77,44,100,3.69
134,Dwarka,IN,2022-03-29 01:22:20,22.2394,68.9678,77.95,81,11,9.1
135,Pitea,SE,2022-03-29 01:22:20,65.3172,21.4794,10.49,78,8,6.93
136,Gizo,SB,2022-03-29 01:22:21,-8.103,156.8419,84.83,72,98,9.37
137,Opuwo,NA,2022-03-29 01:22:21,-18.0607,13.84,68.04,51,100,3.51
138,Beira,MZ,2022-03-29 01:22:22,-19.8436,34.8389,75.81,74,40,10.63
139,Broken Hill,AU,2022-03-29 01:19:15,-31.95,141.4333,76.98,33,0,10.96
140,Varkkallai,IN,2022-03-29 01:22:22,8.7341,76.7067,80.38,85,12,2.33
141,Bamiantong,CN,2022-03-29 01:22:22,44.9333,130.5333,46.6,36,100,20.54
142,Kudahuvadhoo,MV,2022-03-29 01:22:23,2.6708,72.8944,81.39,70,0,4.36
143,Kushiro,JP,2022-03-29 01:22:23,42.975,144.3747,43.75,56,0,11.5
144,Bira,RU,2022-03-29 01:22:24,49.0,132.4667,31.78,96,100,0.54
145,Shu,KZ,2022-03-29 01:22:24,43.5983,73.7614,42.3,76,63,8.01
146,Cape Canaveral,US,2022-03-29 01:19:09,28.4058,-80.6048,75.27,66,0,6.91
147,Mahebourg,MU,2022-03-29 01:19:59,-20.4081,57.7,74.25,94,20,5.75
148,Skjervoy,NO,2022-03-29 01:22:25,70.0311,20.9714,24.8,57,100,23.67
149,Coari,BR,2022-03-29 01:22:25,-4.085,-63.1414,74.52,97,100,2.82
150,Nikolskoye,RU,2022-03-29 01:22:25,59.7035,30.7861,24.87,90,100,6.49
151,Homer,US,2022-03-29 01:22:26,59.6425,-151.5483,42.8,72,100,10.36
152,Celestun,MX,2022-03-29 01:22:26,20.8667,-90.4,77.4,62,14,16.28
153,Tevriz,RU,2022-03-29 01:22:26,57.509,72.4042,24.76,96,100,6.51
154,Bilma,NE,2022-03-29 01:22:27,18.6853,12.9164,71.46,7,0,6.91
155,Belousovka,KZ,2022-03-29 01:22:27,50.1339,82.5239,32.85,93,100,8.95
156,Pinega,RU,2022-03-29 01:22:27,64.7001,43.3936,-2.13,99,57,3.74
157,Jamestown,US,2022-03-29 01:21:14,42.097,-79.2353,19.71,64,100,14.97
158,Ponta Do Sol,PT,2022-03-29 01:22:28,32.6667,-17.1,63.05,82,64,9.53
159,La Ronge,CA,2022-03-29 01:22:28,55.1001,-105.2842,25.05,86,100,9.22
160,Nishihara,JP,2022-03-29 01:22:29,26.1842,127.7558,69.85,94,100,9.22
161,Zvishavane,ZW,2022-03-29 01:22:29,-20.3267,30.0665,60.17,93,5,2.26
162,Alofi,NU,2022-03-29 01:22:29,-19.0595,-169.9187,79.57,79,100,12.3
163,Hualmay,PE,2022-03-29 01:22:30,-11.0964,-77.6139,70.52,85,99,9.51
164,Rosario Oeste,BR,2022-03-29 01:22:30,-14.8361,-56.4275,74.5,92,100,0.65
165,Shiraoi,JP,2022-03-29 01:22:31,42.55,141.35,44.78,69,0,9.73
166,Pisco,PE,2022-03-29 01:22:31,-13.7,-76.2167,68.05,77,0,16.11
167,Namatanai,PG,2022-03-29 01:22:31,-3.6667,152.4333,83.82,72,74,6.91
168,Jepelacio,PE,2022-03-29 01:22:32,-6.1167,-76.95,65.16,99,100,0.45
169,Bela,IN,2022-03-29 01:22:17,25.9333,81.9833,74.07,14,5,2.21
170,Chunhuhub,MX,2022-03-29 01:22:32,19.55,-88.6833,74.82,69,98,6.04
171,Touros,BR,2022-03-29 01:17:53,-5.1989,-35.4608,80.13,79,91,10.49
172,Grindavik,IS,2022-03-29 01:22:32,63.8424,-22.4338,37.87,81,75,17.27
173,Berbera,SO,2022-03-29 01:22:33,10.4396,45.0143,77.56,70,57,6.49
174,Eruwa,NG,2022-03-29 01:22:33,7.5333,3.4167,79.9,83,12,4.36
175,Haines Junction,CA,2022-03-29 01:22:34,60.7522,-137.5108,40.95,45,99,10.36
176,Penzance,GB,2022-03-29 01:22:34,50.1186,-5.5371,48.88,86,100,6.49
177,Nanortalik,GL,2022-03-29 01:22:34,60.1432,-45.2371,29.37,88,8,5.03
178,Hilo,US,2022-03-29 01:22:35,19.7297,-155.09,79.25,71,100,9.22
179,Boende,CD,2022-03-29 01:22:35,-0.2167,20.8667,71.78,96,100,5.57
180,Brainerd,US,2022-03-29 01:18:24,46.358,-94.2008,35.85,30,100,6.91
181,Bogovarovo,RU,2022-03-29 01:22:35,58.9785,47.0246,17.06,93,100,9.06
182,Verkhnyaya Inta,RU,2022-03-29 01:22:36,65.9811,60.3094,9.0,98,100,2.53
183,Dubbo,AU,2022-03-29 01:22:36,-32.25,148.6167,71.73,68,100,13.8
184,Upernavik,GL,2022-03-29 01:22:37,72.7868,-56.1549,21.2,67,100,6.6
185,Katsuura,JP,2022-03-29 01:22:37,35.1333,140.3,55.0,69,100,14.36
186,Saskylakh,RU,2022-03-29 01:20:04,71.9167,114.0833,-0.29,93,100,11.36
187,Longyearbyen,SJ,2022-03-29 01:22:22,78.2186,15.6401,6.64,66,20,6.91
188,Byron Bay,AU,2022-03-29 01:22:38,-28.65,153.6167,71.11,91,100,18.34
189,Nouadhibou,MR,2022-03-29 01:22:39,20.931,-17.0347,64.38,94,40,6.91
190,Port Moresby,PG,2022-03-29 01:22:39,-9.4431,147.1797,83.62,74,40,5.75
191,Presidencia Roque Saenz Pena,AR,2022-03-29 01:22:39,-26.7852,-60.4388,73.58,56,0,8.55
192,Sola,VU,2022-03-29 01:22:40,-13.8833,167.55,82.89,75,100,8.12
193,Coquimbo,CL,2022-03-29 01:22:40,-29.9533,-71.3436,58.73,88,0,4.61
194,Hanmer Springs,NZ,2022-03-29 01:22:40,-42.5167,172.8167,69.4,46,69,5.14
195,Hofn,IS,2022-03-29 01:22:41,64.2539,-15.2082,29.91,71,100,11.77
196,Bonthe,SL,2022-03-29 01:22:41,7.5264,-12.505,76.84,77,36,5.12
197,Kenai,US,2022-03-29 01:21:52,60.5544,-151.2583,41.02,76,100,19.57
198,Port Hedland,AU,2022-03-29 01:22:42,-20.3167,118.5667,89.65,51,20,9.22
199,Khani,GE,2022-03-29 01:22:42,41.9563,42.9566,26.17,85,16,8.25
200,Rincon,US,2022-03-29 01:22:42,32.296,-81.2354,64.36,49,0,8.05
201,Naze,JP,2022-03-29 01:18:44,28.3667,129.4833,63.52,83,100,13.35
202,Olafsvik,IS,2022-03-29 01:22:43,64.8945,-23.7142,34.27,77,100,14.45
203,Kaitangata,NZ,2022-03-29 01:22:43,-46.2817,169.8464,63.05,73,94,3.94
204,Rio Gallegos,AR,2022-03-29 01:22:44,-51.6226,-69.2181,41.05,93,40,14.97
205,Cuamba,MZ,2022-03-29 01:22:44,-14.8031,36.5372,67.08,98,85,3.56
206,Klaksvik,FO,2022-03-29 01:22:44,62.2266,-6.589,32.92,68,100,16.93
207,Suntar,RU,2022-03-29 01:22:45,62.1444,117.6319,14.81,88,96,5.21
208,Georgetown,MY,2022-03-29 01:19:22,5.4112,100.3354,85.93,87,20,3.44
209,Kharp,RU,2022-03-29 01:22:45,66.8014,65.8081,23.76,98,100,3.71
210,Bubaque,GW,2022-03-29 01:22:46,11.2833,-15.8333,77.47,74,34,16.53
211,Mwense,ZM,2022-03-29 01:22:46,-10.3845,28.698,64.72,97,81,3.31
212,Novopokrovka,UA,2022-03-29 01:22:46,49.8425,36.5477,40.37,59,38,19.28
213,Cidreira,BR,2022-03-29 01:22:47,-30.1811,-50.2056,70.61,80,0,11.03
214,Esperance,AU,2022-03-29 01:22:47,-33.8667,121.9,66.45,69,98,11.83
215,Lubbock,US,2022-03-29 01:19:40,33.6001,-101.8338,82.65,6,75,11.5
216,Ostrovnoy,RU,2022-03-29 01:22:48,68.0531,39.5131,22.19,88,100,16.55
217,Harper,LR,2022-03-29 01:22:48,4.375,-7.7169,79.65,89,65,6.08
218,Makasar,ID,2022-03-29 01:22:48,-5.14,119.4221,78.85,94,20,3.44
219,Tecolutla,MX,2022-03-29 01:22:49,20.4833,-97.0167,76.86,87,0,13.49
220,Sangar,RU,2022-03-29 01:22:49,63.9242,127.4739,16.47,91,100,4.34
221,Piranshahr,IR,2022-03-29 01:22:49,36.701,45.1413,32.56,69,0,2.98
222,Norman Wells,CA,2022-03-29 01:22:50,65.282,-126.8329,12.24,52,40,0.0
223,Kemijarvi,FI,2022-03-29 01:22:50,66.7131,27.4306,14.76,88,100,7.96
224,Havre-Saint-Pierre,CA,2022-03-29 01:22:50,50.2334,-63.5986,32.36,100,100,5.75
225,Port Blair,IN,2022-03-29 01:22:51,11.6667,92.75,80.64,83,20,2.3
226,Minsk,BY,2022-03-29 01:20:31,53.9,27.5667,38.95,87,67,12.12
227,Vani,GE,2022-03-29 01:22:51,42.0832,42.5216,33.49,75,0,12.66
228,Aklavik,CA,2022-03-29 01:22:52,68.2191,-135.0107,3.4,86,100,5.41
229,San Borja,BO,2022-03-29 01:22:52,-14.8167,-66.85,74.34,89,78,1.63
230,Isangel,VU,2022-03-29 01:22:52,-19.55,169.2667,84.16,73,94,10.56
231,Chiang Klang,TH,2022-03-29 01:22:53,19.2938,100.8617,77.13,83,33,1.05
232,Erie,US,2022-03-29 01:22:33,42.7667,-78.6664,22.42,63,100,5.99
233,Mejorada Del Campo,ES,2022-03-29 01:18:41,40.3928,-3.4819,54.72,80,20,1.14
234,Melo,UY,2022-03-29 01:22:53,-32.3667,-54.1833,61.95,65,4,8.5
235,Kongolo,CD,2022-03-29 01:22:54,-5.3833,27.0,69.84,98,100,1.68
236,Ketchikan,US,2022-03-29 01:22:54,55.3422,-131.6461,48.67,61,100,9.22
237,Syracuse,IT,2022-03-29 01:22:54,37.0881,15.2792,50.32,84,0,6.69
238,Virginia Beach,US,2022-03-29 01:22:55,36.8529,-75.978,41.05,45,0,5.99
239,Bojnurd,IR,2022-03-29 01:22:55,37.4747,57.329,37.35,75,75,6.91
240,Kargat,RU,2022-03-29 01:22:55,55.1956,80.2811,21.94,97,97,6.33
241,Constitucion,CL,2022-03-29 01:22:56,-35.3333,-72.4167,53.78,86,5,9.4
242,Bechem,GH,2022-03-29 01:22:56,7.0903,-2.025,74.8,82,100,2.93
243,Mehamn,NO,2022-03-29 01:22:56,71.0357,27.8492,28.24,74,100,24.67
244,Salalah,OM,2022-03-29 01:18:51,17.0151,54.0924,84.29,18,0,11.5
245,Kavieng,PG,2022-03-29 01:22:57,-2.5744,150.7967,83.48,69,100,3.65
246,Trairi,BR,2022-03-29 01:22:57,-3.2778,-39.2689,75.6,95,100,6.44
247,Valday,RU,2022-03-29 01:22:58,57.9747,33.2525,19.08,93,54,8.84
248,Road Town,VG,2022-03-29 01:22:58,18.4167,-64.6167,78.84,78,20,5.75
249,Bunia,CD,2022-03-29 01:22:58,1.5667,30.25,64.24,97,92,3.58
250,Cherskiy,RU,2022-03-29 01:22:59,68.75,161.3,3.31,84,31,5.79
251,Ahuimanu,US,2022-03-29 01:22:59,21.4447,-157.8378,82.11,62,75,9.22
252,Nome,US,2022-03-29 01:22:59,64.5011,-165.4064,30.27,64,0,10.36
253,Kurmanayevka,RU,2022-03-29 01:23:00,52.5093,52.0675,16.45,87,100,16.49
254,Saint-Augustin,CA,2022-03-29 01:23:00,51.226,-58.6502,31.06,99,92,4.97
255,Challans,FR,2022-03-29 01:23:00,46.8436,-1.8749,52.97,73,100,6.22
256,Urengoy,RU,2022-03-29 01:23:01,65.9667,78.3667,14.09,96,100,11.77
257,Yumen,CN,2022-03-29 01:18:52,40.2833,97.2,40.98,41,18,10.67
258,Marovoay,MG,2022-03-29 01:23:01,-16.1,46.6333,74.05,95,100,2.53
259,Svetlaya,RU,2022-03-29 01:23:02,46.5389,138.3297,40.48,70,100,12.08
260,Kati,ML,2022-03-29 01:23:02,12.7441,-8.0726,85.41,13,12,2.53
261,Sechura,PE,2022-03-29 01:23:02,-5.5569,-80.8222,73.33,73,97,14.07
262,Saint-Joseph,RE,2022-03-29 01:23:03,-21.3667,55.6167,75.58,77,7,4.09
263,Kabare,CD,2022-03-29 01:23:03,-2.4683,28.8242,59.9,92,100,1.25
264,Qaanaaq,GL,2022-03-29 01:23:03,77.484,-69.3632,8.2,96,100,0.51
265,Mackenzie,CA,2022-03-29 01:23:04,55.2999,-123.1698,46.62,25,0,4.61
266,Hami,CN,2022-03-29 01:23:04,42.8,93.45,44.53,36,5,8.05
267,Alness,GB,2022-03-29 01:23:04,57.696,-4.2551,43.7,94,73,1.68
268,Kashi,CN,2022-03-29 01:23:05,39.4547,75.9797,47.41,81,100,11.18
269,Vanimo,PG,2022-03-29 01:23:09,-2.6741,141.3028,78.55,88,100,6.87
270,Keene,US,2022-03-29 01:23:10,42.9337,-72.2781,21.38,55,75,14.97
271,Hutchinson,US,2022-03-29 01:19:57,38.0608,-97.9298,61.03,53,0,4.61
272,Srednekolymsk,RU,2022-03-29 01:23:10,67.45,153.6833,9.64,77,7,8.77
273,Oksfjord,NO,2022-03-29 01:23:11,70.2396,22.3479,26.67,78,100,14.83
274,Mao,ES,2022-03-29 01:23:11,39.8885,4.2658,54.16,94,0,6.91
275,Puerto Madero,MX,2022-03-29 01:23:11,14.7208,-92.4215,82.6,65,0,5.75
276,Torbay,CA,2022-03-29 01:23:12,47.6666,-52.7314,38.28,93,100,4.61
277,Rocha,UY,2022-03-29 01:20:11,-34.4833,-54.3333,58.57,87,6,7.63
278,Ayan,RU,2022-03-29 01:20:10,56.45,138.1667,17.38,78,97,1.45
279,Bogatyye Saby,RU,2022-03-29 01:23:12,56.0102,50.4483,17.28,94,100,14.36
280,Zupanja,HR,2022-03-29 01:23:13,45.0775,18.6975,48.29,69,62,6.46
281,Kruisfontein,ZA,2022-03-29 01:23:13,-34.0033,24.7314,68.88,74,100,3.78
282,Kaya,BF,2022-03-29 01:23:13,13.0917,-1.0844,80.74,7,8,9.04
283,Nioro,GM,2022-03-29 01:23:14,13.35,-15.75,78.24,40,80,13.51
284,Mount Gambier,AU,2022-03-29 01:21:19,-37.8333,140.7667,60.91,65,100,5.57
285,Maceio,BR,2022-03-29 01:20:26,-9.6658,-35.7353,80.04,78,75,4.61
286,Blyznyuky,UA,2022-03-29 01:23:14,48.8578,36.5551,36.7,60,21,20.6
287,Markova,UA,2022-03-29 01:23:15,48.6758,24.4138,46.13,64,0,10.94
288,Yagodnoye,RU,2022-03-29 01:23:15,62.55,149.6667,3.85,73,94,4.32
289,Green River,US,2022-03-29 01:23:16,41.5286,-109.4662,54.99,38,100,5.99
290,Xudat,AZ,2022-03-29 01:23:16,41.631,48.681,34.12,69,1,8.3
291,San Policarpo,PH,2022-03-29 01:23:16,12.1791,125.5072,82.24,80,11,12.3
292,Aksarka,RU,2022-03-29 01:23:17,66.5606,67.7975,25.77,98,100,5.77
293,Thunder Bay,CA,2022-03-29 01:23:17,48.4001,-89.3168,21.18,58,20,2.3
294,Port-Gentil,GA,2022-03-29 01:23:17,-0.7193,8.7815,78.03,85,100,10.63
295,Vuktyl,RU,2022-03-29 01:23:18,63.8567,57.3094,10.4,95,100,5.64
296,Jalu,LY,2022-03-29 01:23:18,29.0331,21.5482,63.25,13,94,8.32
297,Darab,IR,2022-03-29 01:23:18,28.7519,54.5444,57.79,10,0,5.77
298,Oranjemund,NA,2022-03-29 01:23:19,-28.55,16.4333,62.89,81,0,7.43
299,Iqaluit,CA,2022-03-29 01:23:19,63.7506,-68.5145,11.93,92,100,2.3
300,Mitsamiouli,KM,2022-03-29 01:23:19,-11.3847,43.2844,81.45,76,8,6.46
301,Geraldton,AU,2022-03-29 01:23:20,-28.7667,114.6,79.21,73,40,21.85
302,Fraserburgh,GB,2022-03-29 01:23:20,57.6874,-2.0184,43.12,91,100,6.53
303,Severnoye,RU,2022-03-29 01:23:20,56.3491,78.3619,24.73,97,100,6.33
304,Codrington,AU,2022-03-29 01:23:21,-38.2667,141.9667,63.91,60,66,7.36
305,Moshenskoye,RU,2022-03-29 01:23:21,58.5102,34.5911,19.78,88,100,10.87
306,Seybaplaya,MX,2022-03-29 01:23:21,19.65,-90.6667,78.26,71,5,7.52
307,Reyes,BO,2022-03-29 01:23:22,-14.3167,-67.3833,74.66,90,99,1.07
308,Henties Bay,NA,2022-03-29 01:23:22,-22.116,14.2845,63.3,84,79,5.97
309,Bulaevo,KZ,2022-03-29 01:23:23,54.9056,70.4439,31.01,94,100,8.75
310,Blagoyevo,RU,2022-03-29 01:23:23,63.3667,47.9167,-8.46,100,100,3.31
311,Qui Nhon,VN,2022-03-29 01:23:23,13.7667,109.2333,78.69,77,79,12.17
312,Bengkulu,ID,2022-03-29 01:23:24,-3.8004,102.2655,78.04,71,100,4.97
313,Vila Do Maio,CV,2022-03-29 01:23:24,15.1333,-23.2167,70.59,74,7,16.04
314,Port Augusta,AU,2022-03-29 01:19:41,-32.5,137.7667,77.97,46,0,10.76
315,Nova Vicosa,BR,2022-03-29 01:23:24,-17.8919,-39.3719,77.86,86,66,8.05
316,Oudtshoorn,ZA,2022-03-29 01:23:25,-33.5907,22.2014,57.56,42,100,2.33
317,Mityana,UG,2022-03-29 01:23:25,0.4175,32.0228,62.01,99,100,1.21
318,Ixtapa,MX,2022-03-29 01:23:26,20.7,-105.2,74.43,73,0,8.05
319,Gay,RU,2022-03-29 01:23:26,51.4666,58.4552,19.92,92,17,12.06
320,Viedma,AR,2022-03-29 01:23:26,-40.8135,-62.9967,71.74,20,0,16.42
321,Rylsk,RU,2022-03-29 01:20:08,51.5655,34.6822,44.38,76,20,17.87
322,Kalmunai,LK,2022-03-29 01:23:27,7.4167,81.8167,77.65,87,7,4.83
323,Sao Paulo De Olivenca,BR,2022-03-29 01:23:27,-3.3783,-68.8725,72.52,99,100,3.58
324,Fairbanks,US,2022-03-29 01:20:02,64.8378,-147.7164,42.76,46,100,8.05
325,Pevek,RU,2022-03-29 01:23:27,69.7008,170.3133,-8.55,87,19,0.94
326,Buala,SB,2022-03-29 01:23:28,-8.145,159.5921,83.26,81,98,7.74
327,Bundaberg,AU,2022-03-29 01:23:28,-24.85,152.35,82.22,62,5,10.36
328,Tessalit,ML,2022-03-29 01:23:30,20.1986,1.0114,79.66,8,10,11.61
329,Sumbe,AO,2022-03-29 01:23:30,-11.2061,13.8437,77.88,86,100,7.92
330,Athmallik,IN,2022-03-29 01:23:30,20.7219,84.5348,77.22,19,37,1.25
331,Te Anau,NZ,2022-03-29 01:23:31,-45.4167,167.7167,65.59,57,96,1.32
332,Saint Anthony,US,2022-03-29 01:23:31,45.0205,-93.218,36.3,35,100,12.66
333,Troitskoye,RU,2022-03-29 01:23:31,52.9821,84.6757,30.76,96,100,9.17
334,Doha,QA,2022-03-29 01:23:32,25.2867,51.5333,66.18,48,0,17.27
335,Vostok,RU,2022-03-29 01:23:32,46.4856,135.8833,36.82,87,93,8.57
336,Tarakan,ID,2022-03-29 01:23:32,3.3,117.6333,78.3,89,75,2.3
337,Port Hardy,CA,2022-03-29 01:18:49,50.6996,-127.4199,50.18,76,20,4.61
338,Dukat,RU,2022-03-29 01:23:33,62.55,155.55,6.17,88,100,10.45
339,San Cristobal,VE,2022-03-29 01:23:33,7.7669,-72.225,69.98,80,100,2.19
340,Tuatapere,NZ,2022-03-29 01:23:33,-46.1333,167.6833,66.25,61,100,3.91
341,Fortuna,US,2022-03-29 01:23:34,40.5982,-124.1573,55.92,87,100,9.22
342,Terra Rica,BR,2022-03-29 01:23:34,-22.7094,-52.6169,71.46,90,0,4.92
343,Loandjili,CG,2022-03-29 01:23:34,-4.7561,11.8578,77.11,88,75,14.97
344,Belaya Gora,RU,2022-03-29 01:23:35,68.5333,146.4167,4.96,87,28,0.94
345,Chotila,IN,2022-03-29 01:23:35,22.4167,71.1833,76.8,49,6,10.58
346,Gaya,IN,2022-03-29 01:23:36,24.7833,85.0,64.31,68,24,5.75
347,King City,US,2022-03-29 01:23:36,36.2127,-121.126,56.89,73,100,2.68
348,Sharlyk,RU,2022-03-29 01:23:36,52.9167,54.75,12.78,97,100,8.93
349,Isabela,PH,2022-03-29 01:19:28,6.7085,121.9711,84.25,82,100,8.48
350,Gat,IL,2022-03-29 01:23:37,31.61,34.7642,63.39,41,79,8.3
351,Saint-Pierre,RE,2022-03-29 01:23:37,-21.3393,55.4781,76.68,78,75,5.75
352,Howard Springs,AU,2022-03-29 01:23:37,-12.497,131.047,87.98,81,85,4.41
353,Bandarbeyla,SO,2022-03-29 01:23:38,9.4942,50.8122,77.54,79,16,8.19
354,Genc,TR,2022-03-29 01:23:38,38.7507,40.5603,31.23,78,2,6.82
355,Kasongo,CD,2022-03-29 01:23:38,-4.45,26.6667,68.54,99,100,2.06
356,Ipixuna,BR,2022-03-29 01:23:39,-1.7625,-48.8043,73.87,99,100,3.83
357,Bazaliya,UA,2022-03-29 01:23:39,49.7127,26.4733,46.62,62,10,13.6
358,Hongjiang,CN,2022-03-29 01:23:39,27.11,109.9956,63.41,73,69,2.21
359,Speedway,US,2022-03-29 01:23:40,39.8023,-86.2672,37.58,56,0,6.91
360,Cockburn Town,TC,2022-03-29 01:20:12,21.4612,-71.1419,76.75,67,0,17.96
361,North Bend,US,2022-03-29 01:23:40,43.4065,-124.2243,56.25,94,100,11.5
362,Sarahan,IN,2022-03-29 01:23:41,31.5167,77.8,49.75,32,0,8.95
363,Inhambane,MZ,2022-03-29 01:23:41,-23.865,35.3833,72.21,70,0,8.25
364,Aripuana,BR,2022-03-29 01:23:41,-9.1667,-60.6333,74.05,99,100,1.23
365,Marawi,PH,2022-03-29 01:23:42,7.9986,124.2928,77.04,74,100,0.47
366,Marathon,US,2022-03-29 01:22:16,44.9,-89.7668,29.73,37,0,0.0
367,Norwich,GB,2022-03-29 01:20:15,52.6278,1.2983,42.85,96,80,4.61
368,Flinders,AU,2022-03-29 01:23:42,-34.5833,150.8552,69.39,93,100,5.99
369,Mahajanga,MG,2022-03-29 01:23:43,-15.7167,46.3167,77.02,94,40,2.3
370,Faanui,PF,2022-03-29 01:23:43,-16.4833,-151.75,82.69,69,10,16.04
371,Kargasok,RU,2022-03-29 01:23:43,59.0556,80.8572,10.9,97,57,6.44
372,Saldanha,ZA,2022-03-29 01:23:44,-33.0117,17.9442,60.85,94,100,15.82
373,Kavaratti,IN,2022-03-29 01:19:18,10.5669,72.642,83.5,77,100,11.1
374,Kingaroy,AU,2022-03-29 01:23:44,-26.5333,151.8333,72.32,66,89,10.87
375,Sao Joao Da Barra,BR,2022-03-29 01:23:45,-21.6403,-41.0511,76.89,87,85,5.44
376,Soyo,AO,2022-03-29 01:23:45,-6.1349,12.3689,78.89,87,100,6.64
377,Bahir Dar,ET,2022-03-29 01:23:46,11.5936,37.3908,72.55,36,91,5.28
378,Hasaki,JP,2022-03-29 01:23:46,35.7333,140.8333,52.2,57,100,11.39
379,George,ZA,2022-03-29 01:23:46,-33.963,22.4617,58.55,94,20,3.44
380,Bambous Virieux,MU,2022-03-29 01:23:47,-20.3428,57.7575,74.21,94,20,5.75
381,Namie,JP,2022-03-29 01:23:47,37.4833,141.0,52.56,70,100,6.04
382,Pandan,PH,2022-03-29 01:23:47,14.0453,124.1694,81.7,83,18,12.88
383,Prince Rupert,CA,2022-03-29 01:20:09,54.3161,-130.3201,46.49,71,100,6.91
384,Igrim,RU,2022-03-29 01:23:48,63.1906,64.4162,30.76,99,100,4.21
385,Hamilton,US,2022-03-29 01:21:48,39.1834,-84.5333,36.99,52,0,5.75
386,Olinda,BR,2022-03-29 01:23:48,-8.0089,-34.8553,82.13,78,40,9.22
387,Lashio,MM,2022-03-29 01:23:48,22.9333,97.75,68.0,69,21,0.43
388,Nyurba,RU,2022-03-29 01:23:49,63.2842,118.3319,10.83,90,90,5.21
389,Vila Velha,BR,2022-03-29 01:20:06,-20.3297,-40.2925,78.94,87,40,4.61
390,Khatanga,RU,2022-03-29 01:23:50,71.9667,102.5,-1.5,96,100,11.86
391,Muroto,JP,2022-03-29 01:23:51,33.2833,134.15,56.26,58,100,10.16
392,Monrovia,LR,2022-03-29 01:20:33,6.3005,-10.7969,79.03,89,100,5.79
393,Belmonte,BR,2022-03-29 01:23:51,-15.8631,-38.8828,78.21,81,99,6.42
394,Qasigiannguit,GL,2022-03-29 01:23:52,68.8193,-51.1922,30.45,81,6,7.11
395,Anadyr,RU,2022-03-29 01:23:52,64.75,177.4833,-1.7,77,0,6.71
396,Muravlenko,RU,2022-03-29 01:23:52,63.7898,74.523,23.25,93,100,16.82
397,Husavik,IS,2022-03-29 01:23:53,66.0449,-17.3389,24.87,77,86,6.89
398,Paka,MY,2022-03-29 01:23:53,4.6374,103.4368,82.33,83,20,2.3
399,Vallenar,CL,2022-03-29 01:23:53,-28.5708,-70.7581,69.8,54,0,2.06
400,Arzgir,RU,2022-03-29 01:23:54,45.3728,44.2206,30.99,72,0,12.59
401,Berlevag,NO,2022-03-29 01:23:54,70.8578,29.0864,24.6,72,100,25.84
402,Shumskiy,RU,2022-03-29 01:23:54,54.8318,99.1328,19.65,78,100,0.27
403,Kimbe,PG,2022-03-29 01:23:55,-5.5502,150.1429,78.58,89,100,4.5
404,San Jose,US,2022-03-29 01:22:20,37.3394,-121.895,61.61,59,75,18.41
405,Yakeshi,CN,2022-03-29 01:23:55,49.2833,120.7333,18.03,67,0,12.21
406,Filadelfia,US,2022-03-29 01:19:27,39.9523,-75.1638,28.51,37,40,19.57
407,Terme,TR,2022-03-29 01:23:56,41.2092,36.9739,35.53,80,1,7.67
408,Sinop,TR,2022-03-29 01:23:56,41.7711,34.8709,39.61,83,67,10.47
409,Victoria,HK,2022-03-29 01:19:42,22.2855,114.1577,68.25,82,94,10.0
410,Youghal,IE,2022-03-29 01:23:57,51.95,-7.8506,47.55,73,6,4.85
411,Puerto Cabezas,NI,2022-03-29 01:23:57,14.0351,-83.3888,76.33,83,75,8.99
412,Ossora,RU,2022-03-29 01:23:57,59.2353,163.0719,29.95,95,100,11.81
413,Westport,US,2022-03-29 01:22:31,41.1415,-73.3579,26.64,42,0,15.01
414,Kamphaeng Phet,TH,2022-03-29 01:23:58,16.25,99.5,81.95,64,5,1.21
415,Yendi,GH,2022-03-29 01:23:58,9.4427,-0.0099,83.77,13,24,2.95
416,Marondera,ZW,2022-03-29 01:23:58,-18.1853,31.5519,57.11,93,87,8.48
417,Tocopilla,CL,2022-03-29 01:23:59,-22.092,-70.1979,68.97,71,28,9.51
418,Amga,RU,2022-03-29 01:23:59,60.8953,131.9608,23.83,86,100,2.39
419,Yarada,IN,2022-03-29 01:24:00,17.65,83.2667,79.12,89,20,2.3
420,Sitka,US,2022-03-29 01:24:00,57.0531,-135.33,46.29,46,100,16.11
421,San Patricio,US,2022-03-29 01:24:00,28.017,-97.5169,73.54,71,100,16.53
422,Stornoway,GB,2022-03-29 01:24:01,58.2093,-6.3865,41.04,97,100,1.14
423,Worksop,GB,2022-03-29 01:24:01,53.3018,-1.124,45.7,88,29,2.8
424,Mercedes,AR,2022-03-29 01:24:01,-34.6515,-59.4307,67.78,70,1,8.7
425,Nadym,RU,2022-03-29 01:24:02,65.5333,72.5167,27.21,93,100,19.95
426,Bull Savanna,JM,2022-03-29 01:24:02,17.8868,-77.5902,73.18,62,7,4.12
427,Tautira,PF,2022-03-29 01:24:02,-17.7333,-149.15,81.16,75,94,13.6
428,Zherdevka,RU,2022-03-29 01:24:03,51.8486,41.4606,37.18,80,99,24.4
429,Najran,SA,2022-03-29 01:24:03,17.4924,44.1277,54.25,34,0,2.01
430,Mtsensk,RU,2022-03-29 01:24:03,53.2766,36.5733,37.35,94,100,12.17
431,Moncao,PT,2022-03-29 01:24:04,42.0789,-8.4808,59.9,92,33,3.53
432,Wynyard,AU,2022-03-29 01:24:04,-41.0,145.7167,61.97,90,100,8.28
433,Nha Trang,VN,2022-03-29 01:24:05,12.25,109.1833,80.6,71,5,6.02
434,Tonota,BW,2022-03-29 01:24:05,-21.4833,27.4833,61.2,83,0,5.86
435,Laela,TZ,2022-03-29 01:24:05,-8.5667,32.05,59.2,97,69,2.48
436,Sabang,ID,2022-03-29 01:24:06,5.8933,95.3214,82.11,74,11,4.05
437,Cheyenne,US,2022-03-29 01:24:06,41.14,-104.8203,63.95,17,0,6.91
438,Birao,CF,2022-03-29 01:24:06,10.2849,22.7882,75.96,9,75,10.18
439,Quesnel,CA,2022-03-29 01:21:30,52.9999,-122.5029,54.1,22,0,6.91
440,Ishurdi,BD,2022-03-29 01:24:07,24.1333,89.0833,79.16,76,21,9.57
441,Yamada,JP,2022-03-29 01:24:07,39.4667,141.95,45.23,52,59,6.15
442,Oksovskiy,RU,2022-03-29 01:24:08,62.6062,39.8984,7.9,97,100,3.27
443,Chifeng,CN,2022-03-29 01:24:08,42.2683,118.9636,46.44,62,100,15.95
444,Carbondale,US,2022-03-29 01:24:08,37.7273,-89.2168,44.98,49,0,9.22
445,Erenhot,CN,2022-03-29 01:24:09,43.6475,111.9767,32.83,55,75,18.75
446,Pietarsaari,FI,2022-03-29 01:24:09,63.65,22.6833,18.9,76,75,9.42
447,Port Lincoln,AU,2022-03-29 01:24:09,-34.7333,135.8667,68.2,60,100,6.24
448,Komsomolets,KZ,2022-03-29 01:24:10,53.7453,62.0708,21.45,91,100,9.53
449,Jiangyou,CN,2022-03-29 01:24:10,31.7667,104.7167,58.82,69,100,4.25
450,Messina,IT,2022-03-29 01:19:28,38.1933,15.5497,55.78,77,20,5.99
451,Abalak,RU,2022-03-29 01:24:10,58.1286,68.5944,32.2,90,100,8.88
452,Alibag,IN,2022-03-29 01:24:11,18.6411,72.8792,80.67,73,98,3.47
453,Marsh Harbour,BS,2022-03-29 01:24:11,26.5412,-77.0636,73.99,58,6,6.58
454,Makakilo City,US,2022-03-29 01:24:12,21.3469,-158.0858,80.92,60,75,9.22
455,Buribay,RU,2022-03-29 01:24:12,51.9617,58.1592,12.09,95,30,10.33
456,Lianzhou,CN,2022-03-29 01:24:12,24.7811,112.3825,64.56,78,77,3.62
457,Baykit,RU,2022-03-29 01:24:13,61.67,96.37,5.9,97,60,1.45
458,Eau Claire,US,2022-03-29 01:24:13,44.8114,-91.4985,35.98,37,0,6.91
459,Veraval,IN,2022-03-29 01:24:13,20.9,70.3667,77.63,73,7,10.31
460,Kabalo,CD,2022-03-29 01:24:14,-6.05,26.9167,69.39,99,100,1.16
461,Le Port,RE,2022-03-29 01:24:14,-20.9373,55.2919,77.0,80,43,2.95
462,Ust-Ilimsk,RU,2022-03-29 01:21:35,58.0006,102.6619,13.89,93,89,3.09
463,Balkhash,KZ,2022-03-29 01:24:15,46.844,74.9804,34.41,80,40,8.95
464,Kundian,PK,2022-03-29 01:24:15,32.4587,71.4775,72.39,20,0,6.13
465,Chhapra,IN,2022-03-29 01:24:15,25.7667,84.75,75.18,44,4,6.04
466,Seoul,KR,2022-03-29 01:24:16,37.5683,126.9778,53.2,37,20,6.91
467,Shubarshi,KZ,2022-03-29 01:24:16,48.5872,57.1869,20.35,92,96,16.64
468,Sao Geraldo Do Araguaia,BR,2022-03-29 01:24:17,-6.4006,-48.555,74.08,98,100,2.37
469,Ambilobe,MG,2022-03-29 01:24:17,-13.2,49.05,72.32,96,9,2.91
470,Goderich,CA,2022-03-29 01:24:17,43.7501,-81.7165,25.92,58,100,13.8
471,Kedrovyy,RU,2022-03-29 01:24:18,56.1667,91.8167,7.21,87,8,3.06
472,Bac Lieu,VN,2022-03-29 01:24:18,9.285,105.7244,85.23,67,12,12.77
473,Faya,SA,2022-03-29 01:24:18,18.3851,42.4509,55.51,35,0,4.81
474,Ugrinovci,RS,2022-03-29 01:24:19,44.8783,20.1869,50.29,50,0,3.44
475,Ghanzi,BW,2022-03-29 01:24:19,-21.5667,21.7833,68.81,59,26,10.92
476,Barrington,US,2022-03-29 01:24:19,41.7407,-71.3087,26.4,45,40,25.99
477,Itarema,BR,2022-03-29 01:24:20,-2.9248,-39.9167,76.28,92,100,8.03
478,Nyagan,RU,2022-03-29 01:24:20,62.1406,65.3936,32.32,97,100,12.5
479,Kapit,MY,2022-03-29 01:24:20,2.0167,112.9333,78.1,91,75,1.03
480,Mayo,US,2022-03-29 01:24:21,38.8876,-76.5119,31.98,38,0,18.41
481,Arkhangelsk,RU,2022-03-29 01:24:21,64.5401,40.5433,6.91,84,75,2.24
482,Corner Brook,CA,2022-03-29 01:21:31,48.9667,-57.9484,37.56,99,100,3.27
483,Santa Rosa,PH,2022-03-29 01:24:01,14.3122,121.1114,90.1,71,63,17.18
484,Boca Do Acre,BR,2022-03-29 01:24:22,-8.7522,-67.3978,73.81,97,100,0.36
485,Hanko,FI,2022-03-29 01:24:26,59.8333,22.95,28.06,76,100,14.65
486,Komsomolsk-Na-Amure,RU,2022-03-29 01:24:26,50.552,137.0152,29.28,89,100,15.1
487,Verkhnevilyuysk,RU,2022-03-29 01:24:27,63.4453,120.3167,11.17,85,89,7.78
488,Boralday,KZ,2022-03-29 01:24:27,43.3578,76.8594,31.86,93,40,2.24
489,Chase,CA,2022-03-29 01:21:57,50.8165,-119.6857,56.28,73,97,4.41
490,Beloha,MG,2022-03-29 01:24:28,-25.1667,45.05,70.07,80,65,14.76
491,San Juan De Los Morros,VE,2022-03-29 01:24:28,9.9115,-67.3538,79.95,59,100,3.76
492,Oktyabrskiy,RU,2022-03-29 01:24:28,54.4815,53.471,14.74,93,100,11.23
493,Praia Da Vitoria,PT,2022-03-29 01:24:29,38.7333,-27.0667,56.75,94,20,6.2
494,Watertown,US,2022-03-29 01:20:30,42.3709,-71.1828,26.62,43,100,19.57
495,Dayong,CN,2022-03-29 01:24:29,25.0209,118.2898,62.31,76,98,3.15
496,Hirara,JP,2022-03-29 01:22:51,24.8,125.2833,75.06,88,75,20.71
497,Ingleside,US,2022-03-29 01:24:30,27.8778,-97.2117,73.02,91,40,13.8
498,Vestmannaeyjar,IS,2022-03-29 01:24:30,63.4427,-20.2734,36.59,87,20,31.07
499,Flin Flon,CA,2022-03-29 01:24:30,54.7682,-101.865,24.15,84,100,6.46
500,Krasnaya Gorka,RU,2022-03-29 01:24:31,55.1962,56.6673,14.34,92,100,6.91
501,Pandamatenga,BW,2022-03-29 01:24:31,-18.5278,25.627,64.72,90,61,6.46
502,Tura,IN,2022-03-29 01:24:31,25.5198,90.2201,70.03,75,86,4.74
503,Sande,DE,2022-03-29 01:24:32,53.5049,8.0142,42.06,97,55,6.51
504,Gidole,ET,2022-03-29 01:24:32,5.65,37.3667,59.29,45,27,1.9
505,Roma,US,2022-03-29 01:24:32,43.2128,-75.4557,18.82,82,100,11.01
506,Ilulissat,GL,2022-03-29 01:24:33,69.2167,-51.1,30.22,59,19,6.91
507,Kuito,AO,2022-03-29 01:24:33,-12.3833,16.9333,59.86,93,100,2.53
508,Tsabong,BW,2022-03-29 01:24:33,-26.0217,22.401,71.73,45,0,13.35
509,Mizan Teferi,ET,2022-03-29 01:24:34,6.9833,35.5833,67.28,58,99,2.48
510,Santa Cruz,BO,2022-03-29 01:21:31,-17.8,-63.1667,76.46,83,100,5.75
511,Kulhudhuffushi,MV,2022-03-29 01:24:34,6.6221,73.07,82.4,70,3,2.1
512,Atbasar,KZ,2022-03-29 01:24:35,51.8,68.3333,26.78,92,100,12.28
513,Sioux Lookout,CA,2022-03-29 01:24:35,50.1001,-91.917,19.47,45,75,2.3
514,Dudinka,RU,2022-03-29 01:24:35,69.4058,86.1778,11.62,91,100,16.15
515,Ughelli,NG,2022-03-29 01:24:36,5.4899,6.0074,79.14,87,56,2.42
516,Ilebo,CD,2022-03-29 01:24:36,-4.3167,20.5833,70.95,100,100,1.95
517,Ligayan,PH,2022-03-29 01:24:36,4.6533,119.4706,81.54,74,83,2.48
518,Vanavara,RU,2022-03-29 01:24:37,60.34,102.2797,7.83,95,97,3.76
519,Superior,US,2022-03-29 01:24:37,46.7208,-92.1041,27.45,65,40,9.22
520,Kilindoni,TZ,2022-03-29 01:24:37,-7.9139,39.6668,81.79,75,100,9.71
521,Lubumbashi,CD,2022-03-29 01:24:38,-11.6609,27.4794,61.09,99,83,3.56
522,Asau,RO,2022-03-29 01:24:38,46.4333,26.4,36.52,62,67,6.67
523,Dano,BF,2022-03-29 01:24:38,11.15,-3.0667,85.48,13,9,5.19
524,Abdulino,RU,2022-03-29 01:24:39,53.7,53.6667,15.82,93,100,13.67
525,Mabaruma,GY,2022-03-29 01:24:39,8.2,-59.7833,71.38,92,100,2.73
526,Awbari,LY,2022-03-29 01:24:39,26.5921,12.7805,69.28,13,11,4.63
527,Phultala,BD,2022-03-29 01:24:40,22.7,89.5167,79.45,78,28,6.78
528,Tabuk,PH,2022-03-29 01:24:40,17.4189,121.4443,80.96,74,95,2.48
529,Palembang,ID,2022-03-29 01:24:41,-2.9167,104.7458,82.49,89,20,4.61
530,Kasempa,ZM,2022-03-29 01:24:41,-13.4584,25.8338,63.52,99,98,6.31
531,Port Saint Lucie,US,2022-03-29 01:24:41,27.2939,-80.3503,73.38,71,0,5.75
532,Campo Formoso,BR,2022-03-29 01:24:42,-10.5075,-40.3214,73.38,62,66,10.04
533,Taltal,CL,2022-03-29 01:24:42,-25.4,-70.4833,66.02,77,7,4.03
534,Aguimes,ES,2022-03-29 01:24:42,27.9054,-15.4461,63.23,68,20,20.71
535,Micheweni,TZ,2022-03-29 01:24:43,-4.9667,39.8333,80.65,81,94,2.62
536,Karratha,AU,2022-03-29 01:24:43,-20.7377,116.8463,84.33,63,49,1.05
537,Eucaliptus,BO,2022-03-29 01:24:43,-17.5833,-67.5167,50.7,64,22,3.62
538,Muros,ES,2022-03-29 01:24:44,42.7762,-9.0603,56.84,80,99,8.39
539,Darnah,LY,2022-03-29 01:24:44,32.767,22.6367,60.03,43,0,19.95
540,Katherine,AU,2022-03-29 01:24:44,-14.4667,132.2667,89.92,51,0,5.75
541,Nanakuli,US,2022-03-29 01:24:45,21.3906,-158.1547,82.35,55,75,9.22
542,College,US,2022-03-29 01:19:48,64.8569,-147.8028,42.75,45,75,8.05
543,Cabedelo,BR,2022-03-29 01:24:45,-6.9811,-34.8339,79.47,82,100,10.31
544,Fort Nelson,CA,2022-03-29 01:24:46,58.8053,-122.7002,44.19,26,20,4.61
545,Adrar,MR,2022-03-29 01:24:46,20.5022,-10.0711,82.13,18,100,9.24
546,Sao Domingos,BR,2022-03-29 01:24:46,-13.3983,-46.3183,75.45,52,49,7.43
547,Lucapa,AO,2022-03-29 01:24:47,-8.4192,20.7447,66.51,98,100,1.43
548,Puerto Baquerizo Moreno,EC,2022-03-29 01:24:47,-0.9,-89.6,78.87,84,100,10.49
549,Stara Synyava,UA,2022-03-29 01:24:47,49.6032,27.6191,44.58,63,11,13.2
550,Ferme-Neuve,CA,2022-03-29 01:24:48,46.7001,-75.4493,13.98,79,100,9.08
551,Svarstad,NO,2022-03-29 01:24:48,59.399,9.9698,36.0,51,98,4.0
552,Manokwari,ID,2022-03-29 01:24:48,-0.8667,134.0833,82.63,71,100,7.92
553,Cap Malheureux,MU,2022-03-29 01:24:49,-19.9842,57.6142,74.46,80,0,3.0
554,Lavrentiya,RU,2022-03-29 01:24:49,65.5833,-171.0,9.52,78,5,6.67
555,Labuhan,ID,2022-03-29 01:24:50,-6.8844,112.2051,80.6,79,99,3.02
556,Aliman,RO,2022-03-29 01:24:50,44.1833,27.85,49.51,71,100,6.76
557,Havoysund,NO,2022-03-29 01:24:50,70.9963,24.6622,30.43,71,100,27.07
558,San Rafael Del Sur,NI,2022-03-29 01:24:51,11.8485,-86.4384,83.37,47,11,17.49
559,Igarka,RU,2022-03-29 01:24:51,67.4667,86.5833,13.15,94,100,16.08
560,Turukhansk,RU,2022-03-29 01:24:51,65.8167,87.9833,16.92,91,100,14.36
561,Diffa,NE,2022-03-29 01:24:52,13.3154,12.6113,69.46,20,4,10.51
562,Hay River,CA,2022-03-29 01:22:36,60.8156,-115.7999,12.16,85,20,5.75
563,Juneau,US,2022-03-29 01:21:34,58.3019,-134.4197,44.6,62,100,12.66
564,Krasnyy Yar,RU,2022-03-29 01:24:52,46.5331,48.3456,30.13,54,6,17.54
565,Dombas,NO,2022-03-29 01:24:52,62.0696,9.1235,13.89,93,47,6.85
566,Khandyga,RU,2022-03-29 01:24:53,62.6667,135.6,16.43,80,97,3.22
567,Rock Springs,US,2022-03-29 01:24:53,41.5875,-109.2029,54.05,37,100,20.71
568,Sulangan,PH,2022-03-29 01:24:53,11.1373,123.7228,82.22,75,51,13.78
569,Cristalina,BR,2022-03-29 01:24:54,-16.7686,-47.6136,66.87,66,19,2.08
570,Jiuquan,CN,2022-03-29 01:24:54,39.7432,98.5174,41.88,30,100,1.1
571,Angoche,MZ,2022-03-29 01:24:55,-16.2325,39.9086,77.18,88,70,8.93
572,Nador,MA,2022-03-29 01:20:32,35.174,-2.9287,57.45,100,40,5.75
573,Baijiantan,CN,2022-03-29 01:24:55,45.6333,85.1833,40.75,58,52,8.88
574,Kumukh,RU,2022-03-29 01:24:55,42.1704,47.1161,15.44,66,0,11.16
575,Biak,ID,2022-03-29 01:24:56,-0.9131,122.8766,80.83,69,72,0.63
576,Maniitsoq,GL,2022-03-29 01:24:56,65.4167,-52.9,21.51,76,5,7.4
577,Paita,PE,2022-03-29 01:24:56,-5.0892,-81.1144,73.65,78,99,11.7
578,Were Ilu,ET,2022-03-29 01:24:57,10.6,39.4333,46.29,52,24,6.82
579,Pekan,MY,2022-03-29 01:24:57,3.4836,103.3996,80.71,80,1,5.55
580,Madang,PG,2022-03-29 01:24:57,-5.2246,145.7966,77.29,89,100,6.33
581,Bacolod,PH,2022-03-29 01:24:58,10.6667,122.95,86.18,61,79,5.35
582,Zabaykalsk,RU,2022-03-29 01:24:58,49.6333,117.3167,22.06,34,0,16.31
